,type,name,count,L1,L2,L3,L4,L5,L6,L7,L8,L9,L10,L11,L12,L13,L14,L15,L16,L17,L18,L19,L20,L21,L22,L23,L24,L25,L26,L27,L28,L29,L30,L31,L32,L33,L34,L35,L36,L37,L38,L39,L40,L41,L42,L43,L44,L45,L46,L47,L48,L49,L50,L51,L52,L53,L54,L55,L56,L57,L58,L59,L60,L61,L62,L63,L64,L65,L66,L67,L68,L69,L70,L71,L72,L73,L74,L75,L76,L77,L78,L79,L80,L81,L82,L83,L84,L85,L86,L87,L88,L89,L90,L91,L92,L93,L94,L95,L96,L97,L98,L99,L100,L101,L102,L103,L104,L105,L106,L107,L108,L109,L110,L111,L112,L113,L114,L115,L116,L117,L118,L119,L120,L121,L122,L123,L124,L125,L126,L127,L128,L129,L130,L131,L132,L133,L134,L135,L136,L137,L138,L140
0,cow_bite,85ff8081163fa72a539d5215af9e01f86a078178bd0b2f4b93c71ba033ab456a_1.mp4,14,0,20,20,36,36,54,54,67,67,83,83,99,99,116,116,131,131,148,148,164,164,180,180,194,194,209,209,225,,,,,,,,,,,,,,,,,,,,,,,,,,,,,,,,,,,,,,,,,,,,,,,,,,,,,,,,,,,,,,,,,,,,,,,,,,,,,,,,,,,,,,,,,,,,,,,,,,,,,,,,,,,,,,,
0,cow_bite,2052108669082759e3e4b26bcff213b8a64e09a17d501ccb06bb477b4706323e_2.mp4,8,0,24,24,49,49,72,72,93,93,117,117,139,139,161,161,170,,,,,,,,,,,,,,,,,,,,,,,,,,,,,,,,,,,,,,,,,,,,,,,,,,,,,,,,,,,,,,,,,,,,,,,,,,,,,,,,,,,,,,,,,,,,,,,,,,,,,,,,,,,,,,,,,,,,,,,,,,,
0,cow_bite,95040dc15ce9ada82353103a13d1b395c937a9ea6747159f631bfa492b98373f_2.mp4,14,0,18,18,38,38,56,56,75,75,96,96,114,114,131,131,150,150,168,168,185,185,206,206,223,223,241,241,259,,,,,,,,,,,,,,,,,,,,,,,,,,,,,,,,,,,,,,,,,,,,,,,,,,,,,,,,,,,,,,,,,,,,,,,,,,,,,,,,,,,,,,,,,,,,,,,,,,,,,,,,,,,,,,,
0,cow_bite,10f1a9b90589c2bc657320dc4958fb19ea2d51fbcdb251402e6112e4407de2e7_3.mp4,13,0,31,31,59,59,82,82,109,109,128,128,156,156,182,182,210,210,235,235,257,257,283,283,308,308,331,,,,,,,,,,,,,,,,,,,,,,,,,,,,,,,,,,,,,,,,,,,,,,,,,,,,,,,,,,,,,,,,,,,,,,,,,,,,,,,,,,,,,,,,,,,,,,,,,,,,,,,,,,,,,,,,,
0,cow_bite,85ff8081163fa72a539d5215af9e01f86a078178bd0b2f4b93c71ba033ab456a_2.mp4,15,0,16,16,30,30,46,46,60,60,78,78,91,91,107,107,123,123,139,139,156,156,170,170,188,188,204,204,219,219,235,,,,,,,,,,,,,,,,,,,,,,,,,,,,,,,,,,,,,,,,,,,,,,,,,,,,,,,,,,,,,,,,,,,,,,,,,,,,,,,,,,,,,,,,,,,,,,,,,,,,,,,,,,,,,
0,cow_bite,6bad72b6e29e294f91508e5dbcc3b762e42c9103ddcf6e70968f7fe8d030a808_1.mp4,12,0,21,21,40,40,59,59,82,82,102,102,121,121,140,140,161,161,181,181,200,200,221,221,229,,,,,,,,,,,,,,,,,,,,,,,,,,,,,,,,,,,,,,,,,,,,,,,,,,,,,,,,,,,,,,,,,,,,,,,,,,,,,,,,,,,,,,,,,,,,,,,,,,,,,,,,,,,,,,,,,,,
0,cow_bite,d136ae29ffec48fd62ef8dbf80878dfece480fdbfcb72855a780cdcd03f0d08e_1.mp4,7,0,45,45,85,85,158,158,214,214,266,266,313,313,328,,,,,,,,,,,,,,,,,,,,,,,,,,,,,,,,,,,,,,,,,,,,,,,,,,,,,,,,,,,,,,,,,,,,,,,,,,,,,,,,,,,,,,,,,,,,,,,,,,,,,,,,,,,,,,,,,,,,,,,,,,,,,
0,cow_bite,fa287b67c5b84b2ee911726f6225435a2d74e49296db21d70cba892e267f755e_1.mp4,4,0,26,26,54,54,76,76,86,,,,,,,,,,,,,,,,,,,,,,,,,,,,,,,,,,,,,,,,,,,,,,,,,,,,,,,,,,,,,,,,,,,,,,,,,,,,,,,,,,,,,,,,,,,,,,,,,,,,,,,,,,,,,,,,,,,,,,,,,,,,,,,,,,,
0,cow_bite,37c993d16e39c7a06469d11edce24326323c489f75de5dcd0c73eba86d9eb942_3.mp4,7,0,24,24,43,43,71,71,172,172,202,202,224,224,243,,,,,,,,,,,,,,,,,,,,,,,,,,,,,,,,,,,,,,,,,,,,,,,,,,,,,,,,,,,,,,,,,,,,,,,,,,,,,,,,,,,,,,,,,,,,,,,,,,,,,,,,,,,,,,,,,,,,,,,,,,,,,
0,cow_bite,e151c20b878c4425ce832d2f5120a218f4e31b765ec2a352130a5a877fddd041_3.mp4,19,0,17,17,124,124,144,144,173,173,195,195,212,212,233,233,259,259,279,279,298,298,318,318,340,340,358,358,375,375,400,400,418,418,436,436,457,457,467,,,,,,,,,,,,,,,,,,,,,,,,,,,,,,,,,,,,,,,,,,,,,,,,,,,,,,,,,,,,,,,,,,,,,,,,,,,,,,,,,,,,,,,,,,,,,,,,,,,,,
0,cow_bite,ab4a3fa6085cc8998dad48f20cb5a041d97201723db1d665a90a3ee388f4bb6a_1.mp4,8,0,35,35,79,79,124,124,156,156,239,239,268,268,297,297,323,,,,,,,,,,,,,,,,,,,,,,,,,,,,,,,,,,,,,,,,,,,,,,,,,,,,,,,,,,,,,,,,,,,,,,,,,,,,,,,,,,,,,,,,,,,,,,,,,,,,,,,,,,,,,,,,,,,,,,,,,,,
0,cow_bite,10f1a9b90589c2bc657320dc4958fb19ea2d51fbcdb251402e6112e4407de2e7_1.mp4,17,0,25,25,50,50,76,76,100,100,125,125,151,151,176,176,202,202,229,229,252,252,277,277,302,302,329,329,357,357,381,381,407,407,435,,,,,,,,,,,,,,,,,,,,,,,,,,,,,,,,,,,,,,,,,,,,,,,,,,,,,,,,,,,,,,,,,,,,,,,,,,,,,,,,,,,,,,,,,,,,,,,,,,,,,,,,,
0,cow_bite,95040dc15ce9ada82353103a13d1b395c937a9ea6747159f631bfa492b98373f_5.mp4,10,0,18,18,33,33,51,51,68,68,87,87,104,104,122,122,137,137,153,153,172,,,,,,,,,,,,,,,,,,,,,,,,,,,,,,,,,,,,,,,,,,,,,,,,,,,,,,,,,,,,,,,,,,,,,,,,,,,,,,,,,,,,,,,,,,,,,,,,,,,,,,,,,,,,,,,,,,,,,,,
0,cow_bite,747419b046c70c69e41b2857b7af91465dcc0c49e0e91ca96f253da03067dd32_1.mp4,12,0,19,19,54,54,77,77,91,91,112,112,137,137,155,155,176,176,202,202,221,221,247,247,264,,,,,,,,,,,,,,,,,,,,,,,,,,,,,,,,,,,,,,,,,,,,,,,,,,,,,,,,,,,,,,,,,,,,,,,,,,,,,,,,,,,,,,,,,,,,,,,,,,,,,,,,,,,,,,,,,,,
0,cow_bite,54d5f63b8d886c2519a1eb5b4a19b409a919c0b94ac345062e8014f08487fdd4_1.mp4,19,0,22,22,43,43,61,61,81,81,104,104,123,123,143,143,163,163,180,180,203,203,218,218,241,241,265,265,284,284,305,305,324,324,343,343,364,364,381,,,,,,,,,,,,,,,,,,,,,,,,,,,,,,,,,,,,,,,,,,,,,,,,,,,,,,,,,,,,,,,,,,,,,,,,,,,,,,,,,,,,,,,,,,,,,,,,,,,,,
0,cow_bite,d22ff64fcde2391afb2df7381a24370f7152a727144b9b44ac4d2a82a84dddcc_1.mp4,7,0,22,22,40,40,62,62,84,84,105,105,128,128,143,,,,,,,,,,,,,,,,,,,,,,,,,,,,,,,,,,,,,,,,,,,,,,,,,,,,,,,,,,,,,,,,,,,,,,,,,,,,,,,,,,,,,,,,,,,,,,,,,,,,,,,,,,,,,,,,,,,,,,,,,,,,,
0,cow_bite,0739b5b782dcfd787ebd280dbe01b1118380b41a717750235d98e6d4a15165c6_1.mp4,18,0,26,26,59,59,87,87,108,108,135,135,161,161,192,192,220,220,243,243,271,271,296,296,321,321,352,352,368,368,398,398,422,422,466,466,479,,,,,,,,,,,,,,,,,,,,,,,,,,,,,,,,,,,,,,,,,,,,,,,,,,,,,,,,,,,,,,,,,,,,,,,,,,,,,,,,,,,,,,,,,,,,,,,,,,,,,,,
0,cow_bite,4fc0428ba0f9882718fb5d7e4196369d2af69c153d42de9717a25a3919782d80_1.mp4,18,0,35,35,59,59,89,89,114,114,134,134,155,155,178,178,198,198,222,222,243,243,268,268,288,288,310,310,334,334,358,358,379,379,401,401,425,,,,,,,,,,,,,,,,,,,,,,,,,,,,,,,,,,,,,,,,,,,,,,,,,,,,,,,,,,,,,,,,,,,,,,,,,,,,,,,,,,,,,,,,,,,,,,,,,,,,,,,
0,cow_bite,14ac6845ecc16c132aa2ecc75f5619c36d603e5f5e9021a3502fabde86a4363f_3.mp4,10,0,12,12,28,28,41,41,54,54,69,69,81,81,95,95,109,109,120,120,133,,,,,,,,,,,,,,,,,,,,,,,,,,,,,,,,,,,,,,,,,,,,,,,,,,,,,,,,,,,,,,,,,,,,,,,,,,,,,,,,,,,,,,,,,,,,,,,,,,,,,,,,,,,,,,,,,,,,,,,
0,cow_bite,692f8f48cf19ed491f3cf69d8eeef1f7effe01ddf3126a68e20f80070cde51ea_1.mp4,19,0,21,21,36,36,53,53,72,72,84,84,207,207,223,223,253,253,275,275,292,292,312,312,333,333,351,351,371,371,390,390,408,408,424,424,447,447,465,,,,,,,,,,,,,,,,,,,,,,,,,,,,,,,,,,,,,,,,,,,,,,,,,,,,,,,,,,,,,,,,,,,,,,,,,,,,,,,,,,,,,,,,,,,,,,,,,,,,,
0,cow_bite,3c86acfbc4289cc6d83adc3268a97e3eb2ecf1316d731b487627190a1e4ac88f_1.mp4,17,0,22,22,46,46,69,69,93,93,115,115,139,139,159,159,179,179,201,201,222,222,243,243,263,263,285,285,303,303,323,323,345,345,365,,,,,,,,,,,,,,,,,,,,,,,,,,,,,,,,,,,,,,,,,,,,,,,,,,,,,,,,,,,,,,,,,,,,,,,,,,,,,,,,,,,,,,,,,,,,,,,,,,,,,,,,,
0,cow_bite,46e9cc048a75d3c6404323ffa5ff8668c6b96a1640c61a52ec1155ef8b13d8bc_1.mp4,18,0,16,16,36,36,55,55,78,78,97,97,122,122,143,143,161,161,180,180,199,199,220,220,238,238,259,259,277,277,296,296,314,314,335,335,355,,,,,,,,,,,,,,,,,,,,,,,,,,,,,,,,,,,,,,,,,,,,,,,,,,,,,,,,,,,,,,,,,,,,,,,,,,,,,,,,,,,,,,,,,,,,,,,,,,,,,,,
0,cow_bite,b57a702fc0cade7763d6c30dbdd01970007eb537e18fc759f2e55132075d36db_3.mp4,19,0,27,27,49,49,72,72,99,99,129,129,148,148,179,179,204,204,228,228,251,251,282,282,307,307,333,333,359,359,387,387,411,411,436,436,460,460,481,,,,,,,,,,,,,,,,,,,,,,,,,,,,,,,,,,,,,,,,,,,,,,,,,,,,,,,,,,,,,,,,,,,,,,,,,,,,,,,,,,,,,,,,,,,,,,,,,,,,,
0,cow_bite,10f1a9b90589c2bc657320dc4958fb19ea2d51fbcdb251402e6112e4407de2e7_2.mp4,12,0,404,404,426,426,451,451,477,477,498,498,520,520,542,542,567,567,591,591,615,615,772,772,796,,,,,,,,,,,,,,,,,,,,,,,,,,,,,,,,,,,,,,,,,,,,,,,,,,,,,,,,,,,,,,,,,,,,,,,,,,,,,,,,,,,,,,,,,,,,,,,,,,,,,,,,,,,,,,,,,,,
0,cow_bite,d40739c2aa4b801a2eda2bbb8a554a6ff85e3fc331b719fb52af72bf43224086_3.mp4,4,0,13,13,26,26,37,37,46,,,,,,,,,,,,,,,,,,,,,,,,,,,,,,,,,,,,,,,,,,,,,,,,,,,,,,,,,,,,,,,,,,,,,,,,,,,,,,,,,,,,,,,,,,,,,,,,,,,,,,,,,,,,,,,,,,,,,,,,,,,,,,,,,,,
0,cow_bite,6f9416bb9789f27385491d3b308c52f2c5a441038301fcb9f5fe4df5a60b0a45_1.mp4,1,0,26,,,,,,,,,,,,,,,,,,,,,,,,,,,,,,,,,,,,,,,,,,,,,,,,,,,,,,,,,,,,,,,,,,,,,,,,,,,,,,,,,,,,,,,,,,,,,,,,,,,,,,,,,,,,,,,,,,,,,,,,,,,,,,,,,,,,,,,,,
0,cow_bite,9f06f158766658820031cf3f32a755a1403bcbcb696ce9febc42105f31f4fa46_2.mp4,16,0,23,23,43,43,67,67,92,92,116,116,139,139,162,162,183,183,205,205,228,228,248,248,269,269,292,292,316,316,337,337,358,,,,,,,,,,,,,,,,,,,,,,,,,,,,,,,,,,,,,,,,,,,,,,,,,,,,,,,,,,,,,,,,,,,,,,,,,,,,,,,,,,,,,,,,,,,,,,,,,,,,,,,,,,,
0,cow_bite,b57a702fc0cade7763d6c30dbdd01970007eb537e18fc759f2e55132075d36db_1.mp4,10,0,33,33,54,54,131,131,158,158,176,176,198,198,222,222,250,250,399,399,431,,,,,,,,,,,,,,,,,,,,,,,,,,,,,,,,,,,,,,,,,,,,,,,,,,,,,,,,,,,,,,,,,,,,,,,,,,,,,,,,,,,,,,,,,,,,,,,,,,,,,,,,,,,,,,,,,,,,,,,
0,cow_bite,b5347ffb6bbbbbc94ac468bf69dfdf119ca4334ed4973a766baf803a7399af95_1.mp4,13,0,26,26,49,49,79,79,102,102,125,125,149,149,169,169,189,189,211,211,236,236,255,255,277,277,286,,,,,,,,,,,,,,,,,,,,,,,,,,,,,,,,,,,,,,,,,,,,,,,,,,,,,,,,,,,,,,,,,,,,,,,,,,,,,,,,,,,,,,,,,,,,,,,,,,,,,,,,,,,,,,,,,
0,cow_bite,ed504fc41cd8eebaf15e43dd858dab5aaadcec172a4773f903e6dfcf8791b38e_1.mp4,6,0,20,20,38,38,55,55,73,73,93,93,104,,,,,,,,,,,,,,,,,,,,,,,,,,,,,,,,,,,,,,,,,,,,,,,,,,,,,,,,,,,,,,,,,,,,,,,,,,,,,,,,,,,,,,,,,,,,,,,,,,,,,,,,,,,,,,,,,,,,,,,,,,,,,,,
0,cow_bite,4fc0428ba0f9882718fb5d7e4196369d2af69c153d42de9717a25a3919782d80_2.mp4,18,0,26,26,45,45,70,70,90,90,115,115,138,138,162,162,185,185,204,204,231,231,256,256,278,278,303,303,327,327,350,350,373,373,396,396,409,,,,,,,,,,,,,,,,,,,,,,,,,,,,,,,,,,,,,,,,,,,,,,,,,,,,,,,,,,,,,,,,,,,,,,,,,,,,,,,,,,,,,,,,,,,,,,,,,,,,,,,
0,cow_bite,e151c20b878c4425ce832d2f5120a218f4e31b765ec2a352130a5a877fddd041_1.mp4,19,0,25,25,56,56,76,76,98,98,118,118,140,140,160,160,181,181,200,200,221,221,243,243,264,264,284,284,304,304,329,329,348,348,369,369,389,389,408,,,,,,,,,,,,,,,,,,,,,,,,,,,,,,,,,,,,,,,,,,,,,,,,,,,,,,,,,,,,,,,,,,,,,,,,,,,,,,,,,,,,,,,,,,,,,,,,,,,,,
0,cow_bite,4a639247a4b687c6ae226f986414241864b4174f8e30190b62ad4821e5c3f875_1.mp4,10,0,24,24,46,46,67,67,91,91,115,115,137,137,163,163,182,182,203,203,227,,,,,,,,,,,,,,,,,,,,,,,,,,,,,,,,,,,,,,,,,,,,,,,,,,,,,,,,,,,,,,,,,,,,,,,,,,,,,,,,,,,,,,,,,,,,,,,,,,,,,,,,,,,,,,,,,,,,,,,
0,cow_bite,f53de12a897705fdec98d52bd3cc1d67ef9293a28f33e765569ca89a7dca1f8b_1.mp4,7,0,20,20,42,42,62,62,82,82,101,101,121,121,140,,,,,,,,,,,,,,,,,,,,,,,,,,,,,,,,,,,,,,,,,,,,,,,,,,,,,,,,,,,,,,,,,,,,,,,,,,,,,,,,,,,,,,,,,,,,,,,,,,,,,,,,,,,,,,,,,,,,,,,,,,,,,
0,cow_bite,9c7cbf325c3227806845c6b47c600d381965a61f9d6f0e578303bd40821681e4_1.mp4,4,0,27,27,53,53,80,80,97,,,,,,,,,,,,,,,,,,,,,,,,,,,,,,,,,,,,,,,,,,,,,,,,,,,,,,,,,,,,,,,,,,,,,,,,,,,,,,,,,,,,,,,,,,,,,,,,,,,,,,,,,,,,,,,,,,,,,,,,,,,,,,,,,,,
0,cow_bite,e8793e070b7f0381aef1a8f802010929abf59e7dd0014be27be3844ff54ae181_1.mp4,7,0,17,17,31,31,47,47,61,61,79,79,96,96,111,,,,,,,,,,,,,,,,,,,,,,,,,,,,,,,,,,,,,,,,,,,,,,,,,,,,,,,,,,,,,,,,,,,,,,,,,,,,,,,,,,,,,,,,,,,,,,,,,,,,,,,,,,,,,,,,,,,,,,,,,,,,,
0,cow_bite,37c993d16e39c7a06469d11edce24326323c489f75de5dcd0c73eba86d9eb942_2.mp4,17,0,20,20,43,43,69,69,93,93,116,116,135,135,159,159,181,181,204,204,223,223,245,245,268,268,288,288,453,453,487,487,511,511,534,,,,,,,,,,,,,,,,,,,,,,,,,,,,,,,,,,,,,,,,,,,,,,,,,,,,,,,,,,,,,,,,,,,,,,,,,,,,,,,,,,,,,,,,,,,,,,,,,,,,,,,,,
0,cow_bite,743a064e5f68f7acd214bbf9df289c9d6fa16e4f851e321fdfb8a07b80dde08a_2.mp4,12,0,17,17,35,35,55,55,73,73,91,91,112,112,131,131,149,149,171,171,187,187,208,208,223,,,,,,,,,,,,,,,,,,,,,,,,,,,,,,,,,,,,,,,,,,,,,,,,,,,,,,,,,,,,,,,,,,,,,,,,,,,,,,,,,,,,,,,,,,,,,,,,,,,,,,,,,,,,,,,,,,,
0,cow_bite,cd4bc06caf8ea3015a8af0deaace4d3747268f55194cad3992097a5f6dc82b6c_2.mp4,16,0,16,16,40,40,64,64,86,86,111,111,133,133,157,157,178,178,200,200,225,225,244,244,269,269,292,292,312,312,329,329,345,,,,,,,,,,,,,,,,,,,,,,,,,,,,,,,,,,,,,,,,,,,,,,,,,,,,,,,,,,,,,,,,,,,,,,,,,,,,,,,,,,,,,,,,,,,,,,,,,,,,,,,,,,,
0,cow_bite,6be40617f843db3e56b60af7a7dac4dad0f1d647838ed30133be97b1984696d0_1.mp4,20,0,16,16,32,32,56,56,72,72,91,91,105,105,121,121,135,135,154,154,171,171,191,191,210,210,231,231,254,254,269,269,291,291,314,314,337,337,357,357,380,,,,,,,,,,,,,,,,,,,,,,,,,,,,,,,,,,,,,,,,,,,,,,,,,,,,,,,,,,,,,,,,,,,,,,,,,,,,,,,,,,,,,,,,,,,,,,,,,,,
0,cow_bite,0baf219dc65f856d93429bfcaf5c6d9a1f2a8e813cc452f01f4819d32baca3d5_1.mp4,11,0,18,18,44,44,64,64,84,84,102,102,119,119,143,143,159,159,177,177,197,197,205,,,,,,,,,,,,,,,,,,,,,,,,,,,,,,,,,,,,,,,,,,,,,,,,,,,,,,,,,,,,,,,,,,,,,,,,,,,,,,,,,,,,,,,,,,,,,,,,,,,,,,,,,,,,,,,,,,,,,
0,cow_bite,a08cd526a4dda562d02e7c1abc655fe1726c908ec696fca4b533e0a84312205b_1.mp4,5,0,33,33,59,59,98,98,132,132,139,,,,,,,,,,,,,,,,,,,,,,,,,,,,,,,,,,,,,,,,,,,,,,,,,,,,,,,,,,,,,,,,,,,,,,,,,,,,,,,,,,,,,,,,,,,,,,,,,,,,,,,,,,,,,,,,,,,,,,,,,,,,,,,,,
0,cow_bite,4ff8a74c52c529eceb817a1d89e76a3ae053583c2abc491ecacbe560484b2e7e_3.mp4,10,0,24,24,48,48,72,72,92,92,115,115,138,138,162,162,184,184,206,206,225,,,,,,,,,,,,,,,,,,,,,,,,,,,,,,,,,,,,,,,,,,,,,,,,,,,,,,,,,,,,,,,,,,,,,,,,,,,,,,,,,,,,,,,,,,,,,,,,,,,,,,,,,,,,,,,,,,,,,,,
0,cow_bite,a84ae1282abc51e5698d2b63472b892cae3ffdabacc66c9bcf1efabdf637b1e5_1.mp4,14,0,21,21,46,46,71,71,90,90,115,115,135,135,156,156,179,179,198,198,223,223,245,245,270,270,289,289,312,,,,,,,,,,,,,,,,,,,,,,,,,,,,,,,,,,,,,,,,,,,,,,,,,,,,,,,,,,,,,,,,,,,,,,,,,,,,,,,,,,,,,,,,,,,,,,,,,,,,,,,,,,,,,,,
0,cow_bite,d40739c2aa4b801a2eda2bbb8a554a6ff85e3fc331b719fb52af72bf43224086_1.mp4,10,0,12,12,26,26,39,39,52,52,65,65,78,78,91,91,102,102,115,115,127,,,,,,,,,,,,,,,,,,,,,,,,,,,,,,,,,,,,,,,,,,,,,,,,,,,,,,,,,,,,,,,,,,,,,,,,,,,,,,,,,,,,,,,,,,,,,,,,,,,,,,,,,,,,,,,,,,,,,,,
0,cow_bite,8f609871c33a11835defd4b9a79a6b30ee4f311d86cc4f513f94515c2cf81126_1.mp4,20,0,31,31,54,54,86,86,110,110,136,136,164,164,191,191,219,219,240,240,269,269,296,296,323,323,348,348,373,373,400,400,427,427,455,455,477,477,504,504,529,,,,,,,,,,,,,,,,,,,,,,,,,,,,,,,,,,,,,,,,,,,,,,,,,,,,,,,,,,,,,,,,,,,,,,,,,,,,,,,,,,,,,,,,,,,,,,,,,,,
0,cow_bite,9f06f158766658820031cf3f32a755a1403bcbcb696ce9febc42105f31f4fa46_1.mp4,14,0,23,23,55,55,80,80,102,102,129,129,149,149,179,179,198,198,223,223,246,246,263,263,288,288,309,309,333,,,,,,,,,,,,,,,,,,,,,,,,,,,,,,,,,,,,,,,,,,,,,,,,,,,,,,,,,,,,,,,,,,,,,,,,,,,,,,,,,,,,,,,,,,,,,,,,,,,,,,,,,,,,,,,
0,cow_bite,95040dc15ce9ada82353103a13d1b395c937a9ea6747159f631bfa492b98373f_4.mp4,18,0,18,18,36,36,53,53,73,73,90,90,111,111,129,129,146,146,162,162,180,180,197,197,215,215,233,233,258,258,276,276,294,294,312,312,332,,,,,,,,,,,,,,,,,,,,,,,,,,,,,,,,,,,,,,,,,,,,,,,,,,,,,,,,,,,,,,,,,,,,,,,,,,,,,,,,,,,,,,,,,,,,,,,,,,,,,,,
0,cow_bite,b57a702fc0cade7763d6c30dbdd01970007eb537e18fc759f2e55132075d36db_2.mp4,10,0,28,28,52,52,77,77,106,106,129,129,150,150,180,180,204,204,229,229,252,,,,,,,,,,,,,,,,,,,,,,,,,,,,,,,,,,,,,,,,,,,,,,,,,,,,,,,,,,,,,,,,,,,,,,,,,,,,,,,,,,,,,,,,,,,,,,,,,,,,,,,,,,,,,,,,,,,,,,,
0,cow_bite,756025eb6d43d923f9f175cb27e2a31cc0412c31de9278f6af8a7dccc225841a_1.mp4,10,0,24,24,45,45,66,66,88,88,196,196,229,229,260,260,286,286,311,311,323,,,,,,,,,,,,,,,,,,,,,,,,,,,,,,,,,,,,,,,,,,,,,,,,,,,,,,,,,,,,,,,,,,,,,,,,,,,,,,,,,,,,,,,,,,,,,,,,,,,,,,,,,,,,,,,,,,,,,,,
0,cow_bite,2f4338b600baddf8b021162744427b9faaf7ec28230638ceeffadbfafd86ba44_1.mp4,18,0,20,20,39,39,57,57,74,74,93,93,111,111,128,128,145,145,162,162,178,178,195,195,212,212,229,229,247,247,266,266,282,282,300,300,316,,,,,,,,,,,,,,,,,,,,,,,,,,,,,,,,,,,,,,,,,,,,,,,,,,,,,,,,,,,,,,,,,,,,,,,,,,,,,,,,,,,,,,,,,,,,,,,,,,,,,,,
0,cow_bite,4a639247a4b687c6ae226f986414241864b4174f8e30190b62ad4821e5c3f875_3.mp4,17,0,23,23,41,41,65,65,87,87,109,109,129,129,152,152,174,174,195,195,215,215,236,236,257,257,275,275,295,295,314,314,335,335,358,,,,,,,,,,,,,,,,,,,,,,,,,,,,,,,,,,,,,,,,,,,,,,,,,,,,,,,,,,,,,,,,,,,,,,,,,,,,,,,,,,,,,,,,,,,,,,,,,,,,,,,,,
0,cow_bite,94cdae122f4e4e40aa8ab7cdee44926435768e88eca067ed71629a073398967e_1.mp4,10,0,21,21,47,47,68,68,89,89,108,108,128,128,149,149,171,171,191,191,200,,,,,,,,,,,,,,,,,,,,,,,,,,,,,,,,,,,,,,,,,,,,,,,,,,,,,,,,,,,,,,,,,,,,,,,,,,,,,,,,,,,,,,,,,,,,,,,,,,,,,,,,,,,,,,,,,,,,,,,
0,cow_bite,2f4338b600baddf8b021162744427b9faaf7ec28230638ceeffadbfafd86ba44_2.mp4,11,0,18,18,38,38,55,55,74,74,91,91,112,112,127,127,145,145,162,162,179,179,186,,,,,,,,,,,,,,,,,,,,,,,,,,,,,,,,,,,,,,,,,,,,,,,,,,,,,,,,,,,,,,,,,,,,,,,,,,,,,,,,,,,,,,,,,,,,,,,,,,,,,,,,,,,,,,,,,,,,,
0,cow_bite,284d9ee203882c3bcc2dff888d49ba6ea4da8fbd943e8eab4ff2dc54ae719e55_2.mp4,12,0,29,29,148,148,175,175,205,205,234,234,256,256,275,275,304,304,325,325,351,351,374,374,381,,,,,,,,,,,,,,,,,,,,,,,,,,,,,,,,,,,,,,,,,,,,,,,,,,,,,,,,,,,,,,,,,,,,,,,,,,,,,,,,,,,,,,,,,,,,,,,,,,,,,,,,,,,,,,,,,,,
0,cow_bite,caa5e097d4d523448fefdcb1926de02fb9c420bc246ea35dc12d27c4881ff5a4_1.mp4,6,0,17,17,37,37,55,55,75,75,92,92,110,,,,,,,,,,,,,,,,,,,,,,,,,,,,,,,,,,,,,,,,,,,,,,,,,,,,,,,,,,,,,,,,,,,,,,,,,,,,,,,,,,,,,,,,,,,,,,,,,,,,,,,,,,,,,,,,,,,,,,,,,,,,,,,
0,cow_bite,95040dc15ce9ada82353103a13d1b395c937a9ea6747159f631bfa492b98373f_1.mp4,14,0,22,22,42,42,60,60,79,79,97,97,116,116,136,136,153,153,172,172,192,192,211,211,229,229,247,247,268,,,,,,,,,,,,,,,,,,,,,,,,,,,,,,,,,,,,,,,,,,,,,,,,,,,,,,,,,,,,,,,,,,,,,,,,,,,,,,,,,,,,,,,,,,,,,,,,,,,,,,,,,,,,,,,
0,cow_bite,c81785443adb4396f41032f03038f66f5772097bd7bf6f58ca4b2552d12255ec_1.mp4,2,0,14,14,24,,,,,,,,,,,,,,,,,,,,,,,,,,,,,,,,,,,,,,,,,,,,,,,,,,,,,,,,,,,,,,,,,,,,,,,,,,,,,,,,,,,,,,,,,,,,,,,,,,,,,,,,,,,,,,,,,,,,,,,,,,,,,,,,,,,,,,,
0,cow_bite,54d5f63b8d886c2519a1eb5b4a19b409a919c0b94ac345062e8014f08487fdd4_2.mp4,14,0,24,24,40,40,62,62,79,79,97,97,117,117,137,137,155,155,172,172,194,194,211,211,228,228,246,246,261,,,,,,,,,,,,,,,,,,,,,,,,,,,,,,,,,,,,,,,,,,,,,,,,,,,,,,,,,,,,,,,,,,,,,,,,,,,,,,,,,,,,,,,,,,,,,,,,,,,,,,,,,,,,,,,
0,cow_bite,8f609871c33a11835defd4b9a79a6b30ee4f311d86cc4f513f94515c2cf81126_2.mp4,6,0,26,26,49,49,71,71,96,96,121,121,142,,,,,,,,,,,,,,,,,,,,,,,,,,,,,,,,,,,,,,,,,,,,,,,,,,,,,,,,,,,,,,,,,,,,,,,,,,,,,,,,,,,,,,,,,,,,,,,,,,,,,,,,,,,,,,,,,,,,,,,,,,,,,,,
0,cow_bite,743a064e5f68f7acd214bbf9df289c9d6fa16e4f851e321fdfb8a07b80dde08a_1.mp4,15,0,21,21,40,40,61,61,81,81,100,100,119,119,137,137,156,156,175,175,194,194,214,214,235,235,254,254,273,273,292,,,,,,,,,,,,,,,,,,,,,,,,,,,,,,,,,,,,,,,,,,,,,,,,,,,,,,,,,,,,,,,,,,,,,,,,,,,,,,,,,,,,,,,,,,,,,,,,,,,,,,,,,,,,,
0,cow_bite,37c993d16e39c7a06469d11edce24326323c489f75de5dcd0c73eba86d9eb942_1.mp4,18,0,19,19,43,43,66,66,86,86,109,109,133,133,154,154,178,178,197,197,223,223,244,244,268,268,289,289,313,313,337,337,358,358,384,384,407,,,,,,,,,,,,,,,,,,,,,,,,,,,,,,,,,,,,,,,,,,,,,,,,,,,,,,,,,,,,,,,,,,,,,,,,,,,,,,,,,,,,,,,,,,,,,,,,,,,,,,,
0,cow_bite,4a639247a4b687c6ae226f986414241864b4174f8e30190b62ad4821e5c3f875_2.mp4,11,0,27,27,51,51,72,72,95,95,119,119,140,140,163,163,185,185,206,206,228,228,253,,,,,,,,,,,,,,,,,,,,,,,,,,,,,,,,,,,,,,,,,,,,,,,,,,,,,,,,,,,,,,,,,,,,,,,,,,,,,,,,,,,,,,,,,,,,,,,,,,,,,,,,,,,,,,,,,,,,,
